,Date,SumA,SumB,SumC,SumD,POD,FAR,Accuracy,Start,Duration
2018304,,,,,,,,,,
2018305,2018-11-01 00:00:00,1563468,301727,598015,1160152,0.7233311573581657,0.16176700023321958,0.751683105359056,2021-03-11 15:24:23.341799,29.872631
2018306,2018-11-02 00:00:00,1726901,227052,513993,673068,0.7706303823384774,0.116201362059374,0.7640745950193154,2021-03-11 15:24:23.341799,28.080744
2018307,2018-11-03 00:00:00,1255477,193305,515854,747166,0.7087760559714701,0.13342587083494964,0.7384916007879632,2021-03-11 15:24:23.341799,31.005557
2018308,2018-11-04 00:00:00,1338411,204143,484255,671112,0.7343150088935658,0.1323409099454541,0.7448413055830767,2021-03-11 15:24:23.341799,29.547563
2018309,2018-11-05 00:00:00,1907448,246286,500104,672603,0.7922769684725397,0.11435302595399433,0.7756190475045251,2021-03-11 15:24:23.341799,29.81138
2018310,2018-11-06 00:00:00,1737440,208899,470206,596249,0.787010236242586,0.10732919599309268,0.7745929525881955,2021-03-11 15:24:23.341799,29.93381
2018311,2018-11-07 00:00:00,1689218,290863,509602,650378,0.7682384187882592,0.14689449573022517,0.7450797930358678,2021-03-11 15:24:23.341799,29.60585
2018312,2018-11-08 00:00:00,1493168,440824,373937,869768,0.7997236363246845,0.22793475877873332,0.7436001607453449,2021-03-11 15:24:23.341799,30.404835
2018313,2018-11-09 00:00:00,1608742,346696,468131,1011384,0.7745981579037332,0.17729838532339046,0.7627836538083637,2021-03-11 15:24:23.341799,29.737684
2018314,2018-11-10 00:00:00,1584644,321955,311534,1030411,0.8357042429560938,0.1688635103658399,0.8049929445314578,2021-03-11 15:24:23.341799,29.460872
2018315,2018-11-11 00:00:00,1346549,255941,429624,889949,0.7581181562831999,0.1597145692016799,0.7653832241125533,2021-03-11 15:24:23.341799,30.004856
2018316,2018-11-12 00:00:00,1569315,302169,324318,997007,0.8287323890109647,0.16145956898375835,0.8037818735790334,2021-03-11 15:24:23.341799,29.420133
2018317,2018-11-13 00:00:00,1537982,276886,217515,504366,0.8760949178494751,0.1525653656354071,0.8051044860961806,2021-03-11 15:24:23.341799,30.015005
2018318,2018-11-14 00:00:00,2444760,342567,367112,934043,0.8694421367686722,0.12290161864754297,0.826419927983051,2021-03-11 15:24:23.341799,29.544802
2018319,2018-11-15 00:00:00,2403725,265967,336887,546874,0.8770759961643604,0.09962460089028996,0.8303469892524258,2021-03-11 15:24:23.341799,29.152133
2018320,2018-11-16 00:00:00,2667996,257443,531079,627145,0.8339898251838422,0.08800149310923933,0.8069081606391125,2021-03-11 15:24:23.341799,29.87656
2018321,2018-11-17 00:00:00,2274943,316702,299840,668325,0.8835474678837013,0.12220115023469649,0.8268048013798489,2021-03-11 15:24:23.341799,30.394393
2018322,2018-11-18 00:00:00,2100022,329339,348491,596826,0.8576723913656983,0.13556610153863505,0.7991423181708003,2021-03-11 15:24:23.341799,29.589856
2018323,2018-11-19 00:00:00,2259148,388780,313380,597544,0.8781820839267833,0.14682423389155597,0.8027004213718356,2021-03-11 15:24:23.341799,29.127503
2018324,2018-11-20 00:00:00,2096699,351013,278091,506299,0.8828986984112279,0.14340453452040108,0.8053576279461477,2021-03-11 15:24:23.341799,31.340124
2018325,2018-11-21 00:00:00,1733272,292473,306677,507650,0.8496643788643735,0.14437799426877518,0.7890370384976155,2021-03-11 15:24:23.341799,29.69437
2018326,2018-11-22 00:00:00,977226,226679,303063,615908,0.7632854769509072,0.18828645117347298,0.7504602247140201,2021-03-11 15:24:23.341799,30.123853
2018327,2018-11-23 00:00:00,1190632,289787,355825,643741,0.7699095416167407,0.19574660957472176,0.7396710060746335,2021-03-11 15:24:23.341799,29.358475
2018328,2018-11-24 00:00:00,1047691,297515,265768,665176,0.7976579398367212,0.22116686960956167,0.7525281725721064,2021-03-11 15:24:23.341799,30.672545
2018329,2018-11-25 00:00:00,1986329,342953,520191,639026,0.7924648516668529,0.1472355000382092,0.7525743880104309,2021-03-11 15:24:23.341799,29.830946
2018330,2018-11-26 00:00:00,1735373,213804,309167,540738,0.8487840785702407,0.10968937146293026,0.8131633871390692,2021-03-11 15:24:23.341799,30.718608
2018331,2018-11-27 00:00:00,1270433,236218,322190,514921,0.7976985137097731,0.15678348867786898,0.7617471398546439,2021-03-11 15:24:23.341799,29.601048
2018332,2018-11-28 00:00:00,1515704,224573,394142,549699,0.7936262923816895,0.12904439925368202,0.7694903875313976,2021-03-11 15:24:23.341799,30.356799
2018333,2018-11-29 00:00:00,1888793,271606,449105,609480,0.8079022267010794,0.12572029518621328,0.7761060632795939,2021-03-11 15:24:23.341799,29.497587
2018334,2018-11-30 00:00:00,2411488,240692,445729,564705,0.843998898228591,0.09075251302701928,0.8125871303937571,2021-03-11 15:24:23.341799,30.54316
2018335,2018-12-01 00:00:00,1733142,237014,372786,366727,0.8229825521100437,0.12030214866233943,0.7749540626548852,2021-03-11 15:24:23.341799,29.865511
2018336,2018-12-02 00:00:00,1854625,213192,412426,486201,0.8180781993876627,0.10310003254640038,0.7891016988690837,2021-03-11 15:24:23.341799,30.117424
2018337,2018-12-03 00:00:00,1873155,190847,309391,429744,0.8582430794127592,0.09246454218552114,0.8215435064358253,2021-03-11 15:24:23.341799,30.375396
2018338,2018-12-04 00:00:00,1920534,244732,355409,590451,0.8438409925028878,0.11302629792367312,0.8070984588859468,2021-03-11 15:24:23.341799,31.21479
2018339,2018-12-05 00:00:00,1652018,180666,384006,535750,0.8113941682416317,0.09858000615490722,0.794846754152679,2021-03-11 15:24:23.341799,31.617664
2018340,2018-12-06 00:00:00,3437704,224553,555916,573408,0.8607989743641108,0.061315467483576386,0.8371166009715791,2021-03-11 15:24:23.341799,31.165871
2018341,2018-12-07 00:00:00,3221988,312940,465125,545670,0.873851167566603,0.08852797001805977,0.8288358089571229,2021-03-11 15:24:23.341799,31.773807
2018342,2018-12-08 00:00:00,3807191,231506,426474,669598,0.8992660023880019,0.0573219530952681,0.8718579161009969,2021-03-11 15:24:23.341799,31.424011
2018343,2018-12-09 00:00:00,3683385,318919,630745,834124,0.8537955508990225,0.07968385210118971,0.8262970643145918,2021-03-11 15:24:23.341799,32.815632
2018344,2018-12-10 00:00:00,2377964,277526,478323,678402,0.8325367863943645,0.10451027870562495,0.8017297030728855,2021-03-11 15:24:23.341799,36.023843
2018345,2018-12-11 00:00:00,2757162,229718,517426,595915,0.8419874500242474,0.07690901542746946,0.8177795782227348,2021-03-11 15:24:23.341799,39.163602
2018346,2018-12-12 00:00:00,2215773,257404,443293,720257,0.8332899597076567,0.10407827664578799,0.8073275777917892,2021-03-11 15:24:23.341799,40.105295
2018347,2018-12-13 00:00:00,2129823,272791,410388,740952,0.8384433419113609,0.11353925349640018,0.8077693183423308,2021-03-11 15:24:23.341799,37.954672
2018348,2018-12-14 00:00:00,2295065,233965,419622,791646,0.8454252737055874,0.09251175351814728,0.8252580409368452,2021-03-11 15:24:23.341799,37.797845
2018349,2018-12-15 00:00:00,1883971,222886,494283,829385,0.7921655971145218,0.10579075846153774,0.7909448262292215,2021-03-11 15:24:23.341799,38.423853
2018350,2018-12-16 00:00:00,1787937,252587,565534,993218,0.7597021590663322,0.12378536101511181,0.7726984538001531,2021-03-11 15:24:23.341799,38.243463
2018351,2018-12-17 00:00:00,1067890,187463,285439,646050,0.789083807411206,0.14933090533101048,0.7837511809266513,2021-03-11 15:24:23.341799,37.507212
2018352,2018-12-18 00:00:00,1323555,143632,351249,646721,0.7902745634713076,0.09789617819678065,0.7992497029600955,2021-03-11 15:24:23.341799,37.989959
2018353,2018-12-19 00:00:00,1888677,201970,378141,849854,0.8331842256414057,0.09660645723548739,0.8251962700405768,2021-03-11 15:24:23.341799,38.415557
2018354,2018-12-20 00:00:00,1662852,230492,300417,515737,0.8469812338502772,0.12173804654621664,0.8040563233484579,2021-03-11 15:24:23.341799,37.449573
2018355,2018-12-21 00:00:00,2227475,228345,268287,442931,0.8925029710365011,0.09298116311456052,0.843187230465817,2021-03-11 15:24:23.341799,37.675117
2018356,2018-12-22 00:00:00,2614022,238573,257804,503354,0.9102299373290722,0.08363367390043101,0.862642244779873,2021-03-11 15:24:23.341799,37.457411
2018357,2018-12-23 00:00:00,0,0,0,0,,,,2021-03-11 15:24:23.341799,36.795198
2018358,,,,,,,,,,
2018359,,,,,,,,,,
2018360,2018-12-26 00:00:00,977508,167814,210293,375242,0.8229560338810963,0.14652124031495073,0.7815492556577465,2021-03-11 15:24:23.341799,37.76201
2018361,2018-12-27 00:00:00,1584980,167999,315719,302690,0.8338932150750855,0.09583628782774922,0.7960190403257501,2021-03-11 15:24:23.341799,37.798326
2018362,2018-12-28 00:00:00,2223014,158126,271078,343009,0.8913119483964504,0.06640768707425855,0.8567040160895986,2021-03-11 15:24:23.341799,36.944596
2018363,2018-12-29 00:00:00,2477513,215446,311997,339135,0.8881534749830615,0.08000344602350054,0.8422761222705961,2021-03-11 15:24:23.341799,38.477115
2018364,2018-12-30 00:00:00,1936764,242750,502399,434985,0.7940281153822029,0.11137804115963468,0.7609325040472932,2021-03-11 15:24:23.341799,38.36384
2018365,2018-12-31 00:00:00,1310819,164573,262727,337102,0.8330350685648846,0.11154527068060556,0.7940942193626607,2021-03-11 15:24:23.341799,38.406759
2019001,2019-01-01 00:00:00,2223065,289705,466508,561089,0.8265494188110901,0.1152930829323814,0.7864026526063541,2021-03-11 15:24:23.341799,29.200399
2019002,,,,,,,,,,
2019003,2019-01-03 00:00:00,2389437,210224,285599,480697,0.8932354555228416,0.08086592828834221,0.8526947908128357,2021-03-11 15:24:23.341799,30.062513
2019004,2019-01-04 00:00:00,2522324,202357,360209,528616,0.8750373369532977,0.0742681436836092,0.8443157421075266,2021-03-11 15:24:23.341799,29.336079
2019005,2019-01-05 00:00:00,1641660,192606,258613,391481,0.8639074490875784,0.10500439957999548,0.818376161264873,2021-03-11 15:24:23.341799,29.751869
2019006,2019-01-06 00:00:00,1675572,171937,160168,330112,0.9127501715929272,0.09306422864516492,0.8579405583651903,2021-03-11 15:24:23.341799,30.133044
2019007,2019-01-07 00:00:00,2145254,204023,287410,441730,0.8818538030735029,0.08684501657318401,0.8403617833451413,2021-03-11 15:24:23.341799,31.277568
2019008,2019-01-08 00:00:00,1816136,115913,207802,261202,0.8973278825734781,0.05999485520294775,0.8651779031949732,2021-03-11 15:24:23.341799,30.82645
2019009,2019-01-09 00:00:00,1907551,143361,156167,373189,0.924327354803321,0.06990109765801751,0.8839159343138,2021-03-11 15:24:23.341799,31.927273
2019010,2019-01-10 00:00:00,1649414,189199,186831,487071,0.898253773325455,0.1029031122917112,0.8503372119171427,2021-03-11 15:24:23.341799,30.348643
2019011,2019-01-11 00:00:00,1974518,190204,180326,542866,0.9163159838948899,0.08786532404622857,0.8716963178266389,2021-03-11 15:24:23.341799,30.580402
2019012,2019-01-12 00:00:00,1819340,226405,354914,627217,0.8367651617520309,0.11067117358224021,0.808010962139797,2021-03-11 15:24:23.341799,29.756171
2019013,2019-01-13 00:00:00,2005544,225606,386662,765029,0.8383659266802274,0.10111646460345562,0.819007751177191,2021-03-11 15:24:23.341799,30.244769
2019014,2019-01-14 00:00:00,2467384,231519,415112,648797,0.8559886986833634,0.08578263094301648,0.8281521904363014,2021-03-11 15:24:23.341799,30.458869
2019015,2019-01-15 00:00:00,1681668,201501,297797,471983,0.8495568246975824,0.10700101796493039,0.8117951004712115,2021-03-11 15:24:23.341799,31.197002
2019016,2019-01-16 00:00:00,1138226,169302,229948,430824,0.8319307339563535,0.12948250438996334,0.7971599857745263,2021-03-11 15:24:23.341799,30.712609
2019017,2019-01-17 00:00:00,1962307,168451,212580,440753,0.9022569908229715,0.07905684268227552,0.8631398901831873,2021-03-11 15:24:23.341799,30.132679
2019018,2019-01-18 00:00:00,1874782,156693,215358,393567,0.8969647966164946,0.07713262530919653,0.8590929404635661,2021-03-11 15:24:23.341799,29.549914
2019019,2019-01-19 00:00:00,2785682,272447,317253,651339,0.8977571234975918,0.08908943998111263,0.853553300563908,2021-03-11 15:24:23.341799,30.809679
2019020,2019-01-20 00:00:00,2935058,240900,245582,536590,0.9227884953971528,0.07585112901367083,0.8770929706704934,2021-03-11 15:24:23.341799,31.814277
2019021,2019-01-21 00:00:00,2277077,301162,453490,918647,0.8339209402296299,0.11680918642530813,0.8089670451622832,2021-03-11 15:24:23.341799,31.649757
2019022,2019-01-22 00:00:00,2287674,259527,272369,668795,0.8936076464340638,0.10188713022647211,0.8475228366297678,2021-03-11 15:24:23.341799,31.923942
2019023,2019-01-23 00:00:00,2487815,268480,400748,640101,0.8612638879608996,0.09740611944657593,0.8237549063190651,2021-03-11 15:24:23.341799,30.561207
2019024,2019-01-24 00:00:00,2715961,312783,374515,682219,0.8788164023923822,0.1032715211321921,0.831770480712416,2021-03-11 15:24:23.341799,29.956164
2019025,2019-01-25 00:00:00,2530200,293687,278664,614996,0.900791209542363,0.10400097454324482,0.8460406822025384,2021-03-11 15:24:23.341799,31.105331
2019026,,,,,,,,,,
2019027,,,,,,,,,,
2019028,,,,,,,,,,
2019029,2019-01-29 00:00:00,3344075,241099,262936,414293,0.9271041868183933,0.06724889782197462,0.8817486286491446,2021-03-11 15:24:23.341799,31.512106
2019030,,,,,,,,,,
2019031,,,,,,,,,,
2019032,2019-02-01 00:00:00,2780380,280269,179652,404962,0.9393074128928336,0.09157175487943897,0.8738305027648211,2021-03-11 15:24:23.341799,40.233823
2019033,2019-02-02 00:00:00,2706094,155889,232765,293464,0.9207974931767737,0.05446887699891998,0.8852923016623517,2021-03-11 15:24:23.341799,39.473556
2019034,2019-02-03 00:00:00,2881489,257695,351642,325440,0.8912379362296177,0.08208980422937935,0.8403316225860566,2021-03-11 15:24:23.341799,39.147233
2019035,2019-02-04 00:00:00,2496658,215647,332615,332199,0.8824379973229872,0.07950691386108863,0.8376539292811417,2021-03-11 15:24:23.341799,39.042842
2019036,2019-02-05 00:00:00,2380573,219254,380322,331923,0.8622468438676588,0.08433407299793409,0.818972534413503,2021-03-11 15:24:23.341799,41.055572
2019037,2019-02-06 00:00:00,2457414,230854,400623,308764,0.8598258175104101,0.08587462261947097,0.8141432841180167,2021-03-11 15:24:23.341799,39.405684
2019038,2019-02-07 00:00:00,2016958,196325,246886,281460,0.8909438989612358,0.08870307141020828,0.838340271422574,2021-03-11 15:24:23.341799,40.237671
2019039,2019-02-08 00:00:00,2675141,192140,428979,321376,0.8618033452314988,0.0670112207349053,0.8283080442587369,2021-03-11 15:24:23.341799,39.965403
2019040,2019-02-09 00:00:00,3681232,329014,411720,325428,0.8994075669590066,0.08204334596929964,0.8439703972326712,2021-03-11 15:24:23.341799,39.310794
2019041,2019-02-10 00:00:00,3560496,328763,283365,385654,0.9262811532466965,0.08453101220566694,0.8657106916252146,2021-03-11 15:24:23.341799,40.810713
2019042,2019-02-11 00:00:00,5306139,459924,638819,437370,0.8925444048553413,0.07976395679339612,0.8394179284831953,2021-03-11 15:24:23.341799,41.675275
2019043,2019-02-12 00:00:00,5518972,576466,695120,471143,0.8881381221906596,0.09457335141461533,0.8248914407244253,2021-03-11 15:24:23.341799,41.386829
2019044,2019-02-13 00:00:00,5927836,419317,517391,471608,0.9197249375390503,0.06606379269571727,0.8723161679310898,2021-03-11 15:24:23.341799,40.626051
2019045,2019-02-14 00:00:00,7182791,474941,519401,524021,0.9325645218919497,0.062021104943343536,0.8857229742169832,2021-03-11 15:24:23.341799,40.476906
2019046,2019-02-15 00:00:00,6236565,551552,600562,661872,0.912161643333523,0.08125257711380049,0.8568900439237016,2021-03-11 15:24:23.341799,40.324945
2019047,2019-02-16 00:00:00,5127436,466283,725914,1040828,0.8759831549454585,0.08335831671201217,0.8380268572851619,2021-03-11 15:24:23.341799,41.421332
2019048,2019-02-17 00:00:00,6227660,636846,983558,1083869,0.8636072297356702,0.09277375531465774,0.8185830547542172,2021-03-11 15:24:23.341799,41.482778
2019049,2019-02-18 00:00:00,6526866,798453,868675,1809976,0.8825407093274177,0.10899907567165334,0.8333533587165896,2021-03-11 15:24:23.341799,40.133173
2019050,2019-02-19 00:00:00,8407487,736484,747207,1277111,0.9183799043419693,0.0805431250820896,0.8671514499669556,2021-03-11 15:24:23.341799,40.059403
2019051,2019-02-20 00:00:00,7944663,736282,973235,1245335,0.8908672200556679,0.08481588122030494,0.8431565991697796,2021-03-11 15:24:23.341799,40.82899
2019052,2019-02-21 00:00:00,7643928,813266,871331,1440846,0.8976741635222135,0.09616262793545945,0.8435751725890026,2021-03-11 15:24:23.341799,41.236441
2019053,2019-02-22 00:00:00,9268749,768635,813499,1328026,0.9193137284462751,0.07657722370689414,0.870092304655532,2021-03-11 15:24:23.341799,42.019304
2019054,2019-02-23 00:00:00,9134768,807814,650247,873539,0.9335466527133581,0.08124790924530469,0.8728402053727911,2021-03-11 15:24:23.341799,41.330563
2019055,2019-02-24 00:00:00,9979454,714909,645008,898766,0.9392902906518937,0.06684914286152434,0.8888787566277448,2021-03-11 15:24:23.341799,42.270812
2019056,2019-02-25 00:00:00,8162142,647803,734441,1157993,0.9174468444795041,0.07353087902364884,0.8708470331689805,2021-03-11 15:24:23.341799,41.547542
2019057,2019-02-26 00:00:00,8695540,717648,869744,1387544,0.9090728513654168,0.07623857082212743,0.8639822403130772,2021-03-11 15:24:23.341799,41.354438
2019058,2019-02-27 00:00:00,9354090,741331,695014,1244124,0.9308382120435812,0.07343240068938185,0.8806483062653148,2021-03-11 15:24:23.341799,41.188815
2019059,2019-02-28 00:00:00,9780204,837048,857329,1308163,0.9194052794007783,0.07883847910928364,0.867448100345278,2021-03-11 15:24:23.341799,41.586421
2019060,2019-03-01 00:00:00,10683717,1068934,767664,1602132,0.9329631945701571,0.09095258593146346,0.8699518574932517,2021-03-11 15:24:23.341799,41.811692
2019061,2019-03-02 00:00:00,11341817,1025620,612863,1499200,0.9487344705169858,0.0829290660627582,0.8868411892675853,2021-03-11 15:24:23.341799,42.03938
2019062,2019-03-03 00:00:00,12446982,1020026,693572,1718473,0.9472189680891688,0.0757425851384361,0.8920843705225998,2021-03-11 15:24:23.341799,42.175611
2019063,2019-03-04 00:00:00,12672046,1095806,760629,1609823,0.943374718736216,0.07959164581374059,0.8849671564000777,2021-03-11 15:24:23.341799,41.206347
2019064,2019-03-05 00:00:00,12172096,1102133,768100,1734547,0.9406423210282132,0.0830280236991542,0.8814573303358663,2021-03-11 15:24:23.341799,42.220815
2019065,2019-03-06 00:00:00,11432023,1179611,896289,1697540,0.9272983195104082,0.09353355798304962,0.8634766991310951,2021-03-11 15:24:23.341799,41.899129
2019066,2019-03-07 00:00:00,10923760,1281084,977755,1861846,0.9178461733653237,0.10496520889574663,0.8498556111574738,2021-03-11 15:24:23.341799,41.610227
2019067,2019-03-08 00:00:00,12398497,1108443,592729,1538400,0.954374667948968,0.08206470155342364,0.8912159806942916,2021-03-11 15:24:23.341799,41.889301
2019068,2019-03-09 00:00:00,12384139,1240902,607295,1309502,0.953254198112387,0.09107510208593134,0.8810824691391069,2021-03-11 15:24:23.341799,42.325213
2019069,2019-03-10 00:00:00,12844325,1127938,591995,1231909,0.9559406891172583,0.08072693736154266,0.8911170665643128,2021-03-11 15:24:23.341799,42.259064
2019070,,,,,,,,,,
2019071,,,,,,,,,,
2019072,2019-03-13 00:00:00,13025770,1196833,540261,1092381,0.9601754558868397,0.08415006732593183,0.8904404189276167,2021-03-11 15:24:23.341799,42.579745
2019073,2019-03-14 00:00:00,14134675,1144680,372769,897886,0.97430498439284,0.07491677495548732,0.9083112940717256,2021-03-11 15:24:23.341799,42.357978
2019074,2019-03-15 00:00:00,16142093,1212817,524485,1044127,0.9685307325834973,0.069883220368184,0.9081935170419122,2021-03-11 15:24:23.341799,42.322708
2019075,2019-03-16 00:00:00,15589449,1253419,464787,1390851,0.9710489493240289,0.0744183829024843,0.9081099848298041,2021-03-11 15:24:23.341799,42.366804
2019076,2019-03-17 00:00:00,16520373,1432780,458041,1196769,0.9730221562508724,0.0798065944182618,0.9035687184844239,2021-03-11 15:24:23.341799,42.758707
2019077,2019-03-18 00:00:00,12919224,1173780,449703,1026546,0.9663620722889728,0.08328813360160829,0.8957250550170904,2021-03-11 15:24:23.341799,43.175927
2019078,2019-03-19 00:00:00,16548163,1518645,575426,1251243,0.9663957129548018,0.08405718375930048,0.8947357970655406,2021-03-11 15:24:23.341799,42.809919
2019079,2019-03-20 00:00:00,16394879,1430243,473470,1092833,0.9719314557696191,0.08023748729461712,0.9018270704705817,2021-03-11 15:24:23.341799,43.409162
2019080,2019-03-21 00:00:00,15495347,1503275,446316,1024829,0.9720031718146344,0.08843510962241527,0.894444201705414,2021-03-11 15:24:23.341799,42.472189
2019081,2019-03-22 00:00:00,16144507,1315793,550585,1093883,0.9670211460949122,0.07535912899549263,0.9023082614769256,2021-03-11 15:24:23.341799,42.707134
2019082,2019-03-23 00:00:00,16554541,1442949,359990,1095096,0.9787171160702002,0.08017501329352038,0.907316182699916,2021-03-11 15:24:23.341799,43.041466
2019083,2019-03-24 00:00:00,16018842,1411228,452548,1302668,0.9725252088621543,0.08096513668619805,0.9028538850033302,2021-03-11 15:24:23.341799,43.461764
2019084,2019-03-25 00:00:00,10748167,1164008,511923,1146099,0.9545365090332315,0.09771582435617342,0.8764991399903774,2021-03-11 15:24:23.341799,43.092098
2019085,2019-03-26 00:00:00,14837473,1676071,364506,1154241,0.9760224639173624,0.10149674715494142,0.8868376181373737,2021-03-11 15:24:23.341799,43.481315
2019086,2019-03-27 00:00:00,14396974,1752004,400483,1437202,0.9729356875306345,0.10849008525493069,0.8803287191181599,2021-03-11 15:24:23.341799,44.055416
2019087,2019-03-28 00:00:00,15477923,1701447,435689,1271177,0.9726216147534577,0.09904012778117009,0.8868416131197344,2021-03-11 15:24:23.341799,43.330253
2019088,2019-03-29 00:00:00,16942175,1700133,444866,1401073,0.9744139327675134,0.09119755987295135,0.8953058795122882,2021-03-11 15:24:23.341799,42.449259
2019089,2019-03-30 00:00:00,18063425,1797727,364488,1147033,0.9802208747132679,0.09051473952769708,0.8988327290648203,2021-03-11 15:24:23.341799,43.513749
2019090,2019-03-31 00:00:00,16479831,1292328,351774,1082335,0.9791003888220998,0.07271643248296394,0.9143976331060256,2021-03-11 15:24:23.341799,44.572062
2019091,2019-04-01 00:00:00,17884151,1525962,395703,1113611,0.9783530546797584,0.07861685297762049,0.9081396923539062,2021-03-11 15:24:23.341799,43.90081
2019092,2019-04-02 00:00:00,15647244,1440271,378337,1354417,0.976391682772687,0.08428791430468385,0.9033697127283355,2021-03-11 15:24:23.341799,43.510775
2019093,2019-04-03 00:00:00,14944231,1467401,421852,1343398,0.9725465494361836,0.0894122534553541,0.896062867107791,2021-03-11 15:24:23.341799,43.31389
2019094,2019-04-04 00:00:00,18057523,1474014,548924,1416214,0.9704981826997922,0.07546840783702788,0.9058953070649298,2021-03-11 15:24:23.341799,43.594634
2019095,2019-04-05 00:00:00,22042497,1595049,429040,1428485,0.9809074029960656,0.06747946677713498,0.9206086148965814,2021-03-11 15:24:23.341799,43.900263
2019096,2019-04-06 00:00:00,19304800,1545930,431527,1294944,0.9781353946962877,0.07414272785653069,0.9124135449739762,2021-03-11 15:24:23.341799,43.906696
2019097,2019-04-07 00:00:00,18045005,1278804,453464,1217046,0.9754864037667117,0.06617763609648594,0.9174887263549725,2021-03-11 15:24:23.341799,44.82627
2019098,2019-04-08 00:00:00,17543435,1405311,289608,1032685,0.983760034672714,0.07416379954641854,0.9163871669330812,2021-03-11 15:24:23.341799,43.794392
2019099,2019-04-09 00:00:00,16054607,1223664,278459,932090,0.9829512107524698,0.07082097508483343,0.9187550638710312,2021-03-11 15:24:23.341799,44.847871
2019100,2019-04-10 00:00:00,17936035,1435249,257242,988475,0.985860601144038,0.07409157802859119,0.9179079925348987,2021-03-11 15:24:23.341799,43.870164
2019101,2019-04-11 00:00:00,17538101,1278607,253949,848519,0.9857268274313528,0.06795062133078751,0.923061275225441,2021-03-11 15:24:23.341799,44.819091
2019102,2019-04-12 00:00:00,12775886,1016485,134268,650999,0.9895998142237498,0.07369907610518887,0.9210603940089609,2021-03-11 15:24:23.341799,44.59848
2019103,2019-04-13 00:00:00,12684319,1023862,176161,621262,0.9863021442434498,0.07468985126473017,0.9172717661394865,2021-03-11 15:24:23.341799,31.176624
2019104,2019-04-14 00:00:00,17083096,1228986,266310,973343,0.9846501949403916,0.06711339540746923,0.9235210583613168,2021-03-11 15:24:23.341799,30.1038
2019105,2019-04-15 00:00:00,17741123,1200529,199793,694220,0.9888638350461035,0.06338037463680571,0.9294038289112061,2021-03-11 15:24:23.341799,30.497622
2019106,2019-04-16 00:00:00,16769180,1099746,172972,642575,0.9897904351229997,0.06154516505356841,0.931883655482282,2021-03-11 15:24:23.341799,31.107993
2019107,2019-04-17 00:00:00,17801858,1411563,232808,995800,0.9870910833613442,0.0734675516660984,0.9195593059769165,2021-03-11 15:24:23.341799,31.005957
2019108,2019-04-18 00:00:00,17169405,1175471,247430,741602,0.9857936301285509,0.06407625758822245,0.9264038599956098,2021-03-11 15:24:23.341799,30.535617
2019109,2019-04-19 00:00:00,15964444,933284,135675,452495,0.9915730436526587,0.055231330507864725,0.9388673661484243,2021-03-11 15:24:23.341799,30.182836
2019110,2019-04-20 00:00:00,15780672,797074,182693,533313,0.9885554831327856,0.048080963479594875,0.9433456082867385,2021-03-11 15:24:23.341799,30.751642
2019111,2019-04-21 00:00:00,14688989,866923,154411,606488,0.9895973294528208,0.055729487284319944,0.9374060286657729,2021-03-11 15:24:23.341799,30.867885
2019112,2019-04-22 00:00:00,14689303,924748,168871,595573,0.9886344715036989,0.05922537335122064,0.9332283582832245,2021-03-11 15:24:23.341799,30.369859
2019113,2019-04-23 00:00:00,15004655,752539,186552,522472,0.9877197381353569,0.047758439732353365,0.942968628254527,2021-03-11 15:24:23.341799,30.611366
2019114,2019-04-24 00:00:00,15062473,817564,204914,533833,0.9865783188701511,0.05148375913733702,0.9384745598715285,2021-03-11 15:24:23.341799,31.30628
2019115,2019-04-25 00:00:00,15700884,833466,262490,624886,0.983556734309426,0.05040815030527357,0.9370925705065043,2021-03-11 15:24:23.341799,30.84084
2019116,2019-04-26 00:00:00,15091887,832015,160447,434319,0.9894804952474815,0.052249442379135466,0.9399187634257193,2021-03-11 15:24:23.341799,30.404979
2019117,2019-04-27 00:00:00,14437770,818935,172400,446311,0.9882000004106728,0.053677055432349255,0.9375553371325829,2021-03-11 15:24:23.341799,30.845802
2019118,2019-04-28 00:00:00,15970288,1010186,169824,600057,0.9894781399286449,0.05949103658708232,0.9335218929424228,2021-03-11 15:24:23.341799,31.504263
2019119,2019-04-29 00:00:00,14415983,948366,268320,638397,0.9817274268993224,0.061725101401953315,0.925223952751467,2021-03-11 15:24:23.341799,31.458782
2019120,2019-04-30 00:00:00,13100456,827997,165540,505882,0.9875214797290758,0.05944644390873847,0.931948937918989,2021-03-11 15:24:23.341799,30.830599
2019121,2019-05-01 00:00:00,13730690,674845,91685,306247,0.9933669141518733,0.04684622959161183,0.9482195623498199,2021-03-11 15:24:23.341799,31.23636
2019122,2019-05-02 00:00:00,14430840,690632,164570,489134,0.9887245373716805,0.045672273175521534,0.9457881167221209,2021-03-11 15:24:23.341799,31.204539
2019123,2019-05-03 00:00:00,14038941,625349,81027,265153,0.9942615309043193,0.04264434213998768,0.9529411137692557,2021-03-11 15:24:23.341799,31.339579
2019124,2019-05-04 00:00:00,13416989,585040,124349,328811,0.9908170817388946,0.04178251594822436,0.9509249585045204,2021-03-11 15:24:23.341799,30.575585
2019125,2019-05-05 00:00:00,13636324,632609,188735,445096,0.9863483403578965,0.04433470953994948,0.9448864653563595,2021-03-11 15:24:23.341799,30.996992
2019126,2019-05-06 00:00:00,12535930,632029,155154,386741,0.9877745667745954,0.04799749148672167,0.9425826854173648,2021-03-11 15:24:23.341799,32.051903
2019127,2019-05-07 00:00:00,13025341,662774,111971,282358,0.991476871372165,0.04841966918016104,0.9449850466296902,2021-03-11 15:24:23.341799,32.011798
2019128,2019-05-08 00:00:00,11661310,563908,126912,408096,0.9892339998347504,0.04612662121853369,0.9458614604474874,2021-03-11 15:24:23.341799,31.094363
2019129,2019-05-09 00:00:00,11425909,568654,159949,434330,0.9861944622487173,0.047409313703217035,0.9421231118795518,2021-03-11 15:24:23.341799,31.483146
2019130,2019-05-10 00:00:00,11296247,579597,158839,353323,0.9861337575291883,0.04880469969123879,0.9403910524421767,2021-03-11 15:24:23.341799,31.670008
2019131,2019-05-11 00:00:00,9597533,447491,124763,298727,0.9871673316673345,0.04454852472229036,0.945335699030445,2021-03-11 15:24:23.341799,32.345752
2019132,2019-05-12 00:00:00,9944565,438730,114681,257116,0.9885994437356438,0.04225344652155217,0.9485442802348878,2021-03-11 15:24:23.341799,31.179888
2019133,2019-05-13 00:00:00,10488286,510593,95674,268013,0.9909604722618,0.046422276306521786,0.9466434782425026,2021-03-11 15:24:23.341799,31.415122
2019134,2019-05-14 00:00:00,9365623,495149,94087,242774,0.9900539234289423,0.05021401975423425,0.9422183559655462,2021-03-11 15:24:23.341799,31.722447
2019135,2019-05-15 00:00:00,10203834,810428,89615,290583,0.9912939773636611,0.07357987307728833,0.9210104735108114,2021-03-11 15:24:23.341799,31.302685
2019136,2019-05-16 00:00:00,10524045,513260,85662,223369,0.9919260729820343,0.0465022938117593,0.9472145016682038,2021-03-11 15:24:23.341799,31.190054
2019137,2019-05-17 00:00:00,11048331,370063,58868,174603,0.9947000139279039,0.032409373857654585,0.9631877815268199,2021-03-11 15:24:23.341799,32.584529
2019138,2019-05-18 00:00:00,10851031,351601,83839,155526,0.9923328763853617,0.03138557081942886,0.9619437061554902,2021-03-11 15:24:23.341799,32.163943
2019139,2019-05-19 00:00:00,10764860,441133,96195,212275,0.9911431255987563,0.039365810776430074,0.9533345150355688,2021-03-11 15:24:23.341799,31.926226
2019140,2019-05-20 00:00:00,10493366,466154,108900,287001,0.989728610846021,0.0425341620800911,0.9493586367251378,2021-03-11 15:24:23.341799,31.83281
2019141,2019-05-21 00:00:00,11416257,545703,98218,236681,0.9914700409701701,0.04561986497196112,0.9476353270375792,2021-03-11 15:24:23.341799,31.813468
2019142,2019-05-22 00:00:00,9616735,433729,70671,188922,0.9927048582458503,0.043155121992377664,0.951076895113189,2021-03-11 15:24:23.341799,31.597774
2019143,2019-05-23 00:00:00,9625308,301365,93684,159209,0.9903607287669338,0.03035911427726087,0.9611919604431073,2021-03-11 15:24:23.341799,31.544023
2019144,2019-05-24 00:00:00,9645707,301192,72347,159739,0.9925554025528156,0.03027998977369731,0.9633029226391433,2021-03-11 15:24:23.341799,30.921342
2019145,2019-05-25 00:00:00,8798831,310377,54961,153727,0.9937923773226206,0.03407288537049544,0.9607917924819079,2021-03-11 15:24:23.341799,31.106879
2019146,2019-05-26 00:00:00,6866400,285304,60907,133573,0.9912076944186248,0.03989314994021005,0.9528719944940122,2021-03-11 15:24:23.341799,31.34322
2019147,2019-05-27 00:00:00,7020977,363580,81137,197397,0.9885756550796002,0.049235180932315915,0.9419663684014714,2021-03-11 15:24:23.341799,31.095085
2019148,2019-05-28 00:00:00,7037718,285599,92540,202718,0.9870215074966432,0.03899858493084486,0.950366177401942,2021-03-11 15:24:23.341799,30.955928
2019149,2019-05-29 00:00:00,7195350,337313,119723,226733,0.9836333827427286,0.04478004657848094,0.941994022428142,2021-03-11 15:24:23.341799,30.952927
2019150,2019-05-30 00:00:00,6630537,330666,101711,214058,0.9848919707057732,0.047501272409380964,0.9405828413246609,2021-03-11 15:24:23.341799,31.244336
2019151,2019-05-31 00:00:00,5468336,306041,65895,151642,0.9880931966880313,0.052999830111542766,0.9379270129711474,2021-03-11 15:24:23.341799,32.351306
